1,35,Dupont,Jean,1234567890,123 Rue Principale,jean.dupont@example.com
2,28,Martin,Julie,0987654321,456 Avenue des Fleurs,julie.martin@example.com
3,42,Lefebvre,Pierre,5678901234,789 Boulevard du Soleil,pierre.lefebvre@example.com
4,31,Dubois,Sophie,2345678901,321 Rue des Champs,sophie.dubois@example.com
5,47,Thomas,Marie,9012345678,654 Avenue des Étoiles,marie.thomas@example.com
6,53,Roux,Marc,6789012345,987 Rue du Commerce,marc.roux@example.com
7,24,Garcia,Laura,3456789012,210 Rue de la Paix,laura.garcia@example.com
8,39,Leblanc,Alexandre,7890123456,543 Avenue des Sports,alexandre.leblanc@example.com
9,46,Moreau,Emma,9012345678,876 Boulevard des Arts,emma.moreau@example.com
10,32,Fournier,Lucas,2345678901,123 Rue du Paradis,lucas.fournier@example.com
